Name , Mark
qwe,12
ert,23
tyu,36
uio,69
asd,98
dfg,87
ghj,74
jkl,45
xcvb,25
dfgh4,54
dfgh,85
dfgh,2
 variance,1015.060606060606
 mean,50.833333333333336
standered deviation ,31.860015788768937
